{"cameraMode":{"drawMode":0,"name":"Shaded","section":"Shading Mode"},"sceneLighting":false,"audioPlay":false,"sceneViewState":{"showFog":true,"showMaterialUpdate":true,"showSkybox":true,"showFlares":true,"showImageEffects":true,"showParticleSystems":true},"in2DMode":false,"pivot":{"x":0.5150253772735596,"y":2.835646390914917,"z":-3.4798903465270998},"rotation":{"x":0.13749362528324128,"y":0.3652728796005249,"z":-0.05464520305395126,"w":0.9190675616264343},"size":2.8578836917877199,"orthographic":true}