{"cameraMode":{"drawMode":0,"name":"Shaded","section":"Shading Mode"},"sceneLighting":true,"audioPlay":false,"sceneViewState":{"showFog":true,"showMaterialUpdate":true,"showSkybox":true,"showFlares":true,"showImageEffects":true,"showParticleSystems":true},"in2DMode":false,"pivot":{"x":-23.764081954956056,"y":6.100742340087891,"z":36.133201599121097},"rotation":{"x":0.36337393522262576,"y":0.16254517436027528,"z":-0.06454535573720932,"w":0.9150805473327637},"size":25.967208862304689,"orthographic":true}