{"cameraMode":{"drawMode":0,"name":"Shaded","section":"Shading Mode"},"sceneLighting":false,"audioPlay":false,"sceneViewState":{"showFog":true,"showMaterialUpdate":false,"showSkybox":true,"showFlares":true,"showImageEffects":true,"showParticleSystems":true},"in2DMode":false,"pivot":{"x":0.5150253772735596,"y":2.835646390914917,"z":-3.4798903465270998},"rotation":{"x":-0.09643587470054627,"y":0.156686931848526,"z":-0.015374530106782914,"w":-0.9828087091445923},"size":2.8578836917877199,"orthographic":false}