{"cameraMode":{"drawMode":0,"name":"Shaded","section":"Shading Mode"},"sceneLighting":true,"audioPlay":false,"sceneViewState":{"showFog":true,"showMaterialUpdate":false,"showSkybox":true,"showFlares":true,"showImageEffects":true,"showParticleSystems":true},"in2DMode":false,"pivot":{"x":-18.710678100585939,"y":-2.6560440063476564,"z":38.78483581542969},"rotation":{"x":-0.08552709221839905,"y":0.9127258658409119,"z":-0.310490220785141,"w":-0.25142109394073489},"size":14.198708534240723,"orthographic":false}