{"cameraMode":{"drawMode":0,"name":"Shaded","section":"Shading Mode"},"sceneLighting":false,"audioPlay":false,"sceneViewState":{"showFog":true,"showMaterialUpdate":false,"showSkybox":true,"showFlares":true,"showImageEffects":true,"showParticleSystems":true},"in2DMode":false,"pivot":{"x":-14.0,"y":-3.1173439025878908,"z":32.84000015258789},"rotation":{"x":-0.2647024989128113,"y":-0.004339404869824648,"z":0.001191103016026318,"w":-0.96431964635849},"size":2.8578836917877199,"orthographic":false}